id,username,email,created_at
1,harboranchor44,harboranchor44@opswise.net,2025-04-30 08:06:06
2,rapidjourney50,rapidjourney50@acme.dev,2024-12-17 15:25:58
3,briskyard09,briskyard09@seeded.app,2026-01-22 15:44:02
4,dawnorbit40,dawnorbit40@opswise.net,2024-05-08 05:44:04
5,cobaltuplink39,cobaltuplink39@hackstack.io,2025-08-14 21:29:51
6,warmkernel37,warmkernel37@seeded.app,2025-09-10 03:19:51
7,amberwindow42,amberwindow42@seeded.app,2024-05-02 01:17:30
8,forestjourney14,forestjourney14@hackstack.io,2024-06-05 22:05:13
9,youngjourney15,youngjourney15@relay.cloud,2025-09-30 21:56:15
10,briskvalley22,briskvalley22@acme.dev,2024-09-08 11:32:13
11,calmdelta66,calmdelta66@opswise.net,2024-11-28 01:06:12
12,cobaltnetwork76,cobaltnetwork76@relay.cloud,2025-01-19 12:52:15
13,proudzenith01,proudzenith01@hackstack.io,2025-04-06 22:13:27
14,proudvalley36,proudvalley36@relay.cloud,2024-01-21 21:31:42
15,warmuplink47,warmuplink47@acme.dev,2024-05-29 20:47:46
16,warmpioneer40,warmpioneer40@seeded.app,2025-01-22 11:10:27
17,amberengine83,amberengine83@acme.dev,2024-12-16 13:37:37
18,opalvalley26,opalvalley26@hackstack.io,2025-08-14 15:09:55
19,proudvalley08,proudvalley08@opswise.net,2024-05-02 04:54:03
20,briskquartz20,briskquartz20@seeded.app,2025-10-09 11:46:59
21,keenriver06,keenriver06@relay.cloud,2024-10-08 09:33:41
22,warmorbit46,warmorbit46@hackstack.io,2024-06-19 19:20:39
23,opaluplink56,opaluplink56@example.com,2024-02-16 20:31:36
24,dawnpioneer00,dawnpioneer00@relay.cloud,2024-12-30 01:50:58
25,proudlagoon87,proudlagoon87@example.com,2025-04-04 07:10:24
26,silvermeadow18,silvermeadow18@example.com,2024-02-03 12:51:32
27,briskharvest72,briskharvest72@acme.dev,2025-05-12 16:46:59
28,warmjourney28,warmjourney28@opswise.net,2025-07-27 21:32:05
29,youngsignal22,youngsignal22@opswise.net,2025-12-03 22:54:32
30,calmtrail03,calmtrail03@acme.dev,2025-12-08 07:13:59
31,silverriver75,silverriver75@opswise.net,2025-03-24 18:29:20
32,ivoryyard45,ivoryyard45@opswise.net,2025-11-21 23:59:31
33,emberlagoon25,emberlagoon25@seeded.app,2024-11-03 02:15:23
34,livelytrail36,livelytrail36@relay.cloud,2026-01-04 08:57:01
35,navyisland09,navyisland09@opswise.net,2024-06-14 07:50:47
36,opalisland28,opalisland28@acme.dev,2024-06-15 06:26:05
37,urbanlagoon59,urbanlagoon59@hackstack.io,2025-02-04 08:39:15
38,jaderiver41,jaderiver41@opswise.net,2024-04-01 02:27:31
39,quietbeacon48,quietbeacon48@opswise.net,2024-04-19 01:19:23
40,proudwindow15,proudwindow15@hackstack.io,2025-12-02 09:28:19
41,goldlagoon06,goldlagoon06@seeded.app,2025-07-29 13:09:57
42,calmorbit65,calmorbit65@relay.cloud,2026-01-22 02:32:32
43,mellownetwork61,mellownetwork61@example.com,2024-05-16 12:26:33
44,youngdelta43,youngdelta43@example.com,2025-09-28 04:37:27
45,dawnlagoon56,dawnlagoon56@relay.cloud,2025-06-14 16:26:08
46,harborkernel14,harborkernel14@relay.cloud,2024-09-04 11:39:20
47,harborwindow63,harborwindow63@opswise.net,2024-06-18 06:20:47
48,dawnnetwork14,dawnnetwork14@acme.dev,2024-03-15 06:21:47
49,silverwindow56,silverwindow56@seeded.app,2024-08-06 20:16:13
50,urbandelta60,urbandelta60@seeded.app,2025-09-14 13:53:22
51,vividyard89,vividyard89@acme.dev,2025-12-09 21:19:53
52,opalisland16,opalisland16@relay.cloud,2025-12-09 21:53:02
53,silverharvest87,silverharvest87@acme.dev,2025-07-03 12:40:44
54,calmlagoon01,calmlagoon01@acme.dev,2024-05-14 15:14:11
55,urbanbeacon24,urbanbeacon24@opswise.net,2024-10-03 03:18:49
56,navyzenith57,navyzenith57@relay.cloud,2025-10-14 00:44:41
57,younguplink52,younguplink52@seeded.app,2024-07-02 02:48:52
58,goldsignal18,goldsignal18@acme.dev,2024-01-08 04:02:00
59,warmbeacon54,warmbeacon54@opswise.net,2025-08-18 20:33:58
60,jadeharvest43,jadeharvest43@relay.cloud,2026-01-08 14:02:12
61,jadefield69,jadefield69@hackstack.io,2024-07-26 03:41:31
62,youngriver75,youngriver75@acme.dev,2025-07-22 23:07:38
63,jadeorbit59,jadeorbit59@hackstack.io,2024-08-21 05:24:43
64,emberdelta56,emberdelta56@relay.cloud,2024-06-22 09:33:09
65,warmharvest09,warmharvest09@seeded.app,2024-12-07 22:06:08
66,quiettrail32,quiettrail32@example.com,2025-11-02 10:12:38
67,youngmeadow53,youngmeadow53@relay.cloud,2024-12-30 23:47:30
68,opalgarden65,opalgarden65@opswise.net,2024-12-16 16:48:47
69,warmuplink21,warmuplink21@seeded.app,2024-03-17 16:07:11
70,urbanorbit53,urbanorbit53@opswise.net,2024-04-30 18:11:34
71,dawnbeacon36,dawnbeacon36@seeded.app,2024-04-22 17:48:40
72,ambergarden10,ambergarden10@relay.cloud,2025-07-07 08:36:06
73,forestbeacon79,forestbeacon79@opswise.net,2025-09-08 22:46:44
74,ivoryisland33,ivoryisland33@seeded.app,2024-04-05 02:08:24
75,navywindow76,navywindow76@relay.cloud,2024-04-15 11:31:13
76,cobaltquartz36,cobaltquartz36@relay.cloud,2024-05-29 11:54:06
77,proudzenith88,proudzenith88@opswise.net,2025-04-03 10:26:52
78,urbanzenith27,urbanzenith27@hackstack.io,2025-01-26 08:28:27
79,dawnpioneer45,dawnpioneer45@hackstack.io,2025-01-27 09:35:19
80,calmfield18,calmfield18@acme.dev,2025-01-14 04:30:28
81,calmpioneer05,calmpioneer05@hackstack.io,2025-05-14 00:46:31
82,cobaltfield38,cobaltfield38@acme.dev,2025-03-29 13:37:05
83,vividgarden89,vividgarden89@seeded.app,2025-03-09 20:15:15
84,quietisland66,quietisland66@example.com,2024-11-08 16:51:15
85,navysignal92,navysignal92@hackstack.io,2025-07-09 17:16:54
86,cobaltanchor38,cobaltanchor38@opswise.net,2024-05-25 19:23:17
87,ivorywindow24,ivorywindow24@opswise.net,2025-08-09 12:31:10
88,emberyard68,emberyard68@opswise.net,2024-06-06 08:24:01
89,harborfield66,harborfield66@relay.cloud,2024-11-21 18:26:23
90,quietorbit69,quietorbit69@hackstack.io,2025-01-06 08:28:11
91,amberjourney04,amberjourney04@acme.dev,2025-10-24 01:08:27
92,urbanjourney82,urbanjourney82@relay.cloud,2024-01-10 05:52:13
93,urbanriver95,urbanriver95@acme.dev,2024-10-18 18:41:45
94,calmbeacon26,calmbeacon26@seeded.app,2025-10-03 19:31:36
95,emberzenith95,emberzenith95@relay.cloud,2025-07-18 03:27:28
96,vividorbit48,vividorbit48@opswise.net,2025-10-19 18:32:51
97,dawnbeacon60,dawnbeacon60@hackstack.io,2025-11-12 08:56:51
98,goldlagoon23,goldlagoon23@hackstack.io,2024-10-04 21:58:04
99,dawnanchor48,dawnanchor48@example.com,2025-08-06 08:16:30
100,tidyharvest94,tidyharvest94@hackstack.io,2025-05-30 13:32:49
101,mellowfield27,mellowfield27@example.com,2025-05-24 10:36:50
102,cobaltkernel86,cobaltkernel86@relay.cloud,2025-09-22 07:16:14
103,clearpioneer79,clearpioneer79@acme.dev,2024-04-20 10:33:09
104,silverfield71,silverfield71@hackstack.io,2024-10-16 14:19:57
105,silverwindow30,silverwindow30@seeded.app,2024-12-03 18:27:20
106,youngwindow72,youngwindow72@opswise.net,2024-04-12 01:42:41
107,warmdelta32,warmdelta32@opswise.net,2025-03-24 15:39:36
108,harborjourney57,harborjourney57@seeded.app,2025-11-04 06:04:13
109,tidyisland88,tidyisland88@acme.dev,2025-12-04 22:47:06
110,rapidengine69,rapidengine69@example.com,2024-03-27 02:49:03
111,calmzenith98,calmzenith98@example.com,2025-03-15 14:16:53
112,navymeadow98,navymeadow98@example.com,2025-12-15 15:41:53
113,emberkernel08,emberkernel08@seeded.app,2025-06-14 23:13:53
114,goldorbit37,goldorbit37@hackstack.io,2024-07-07 11:19:08
115,livelyjourney33,livelyjourney33@hackstack.io,2025-10-28 23:30:39
116,tidyorbit32,tidyorbit32@acme.dev,2024-05-16 17:16:53
117,clearkernel58,clearkernel58@example.com,2026-01-23 09:34:44
118,opaluplink38,opaluplink38@example.com,2024-03-18 17:49:02
119,silveruplink94,silveruplink94@opswise.net,2025-09-13 16:31:14
120,forestisland98,forestisland98@example.com,2025-03-28 10:36:02
121,mellowfield54,mellowfield54@relay.cloud,2025-10-02 09:31:56
122,tidyjourney12,tidyjourney12@hackstack.io,2024-06-01 18:16:14
123,quietdelta84,quietdelta84@seeded.app,2025-11-08 01:41:54
124,briskgarden57,briskgarden57@seeded.app,2026-01-16 08:55:41
125,cobaltgarden70,cobaltgarden70@hackstack.io,2025-07-25 17:16:09
126,livelyisland97,livelyisland97@relay.cloud,2025-12-20 09:02:52
127,silveryard95,silveryard95@relay.cloud,2024-08-06 03:36:33
128,briskzenith77,briskzenith77@relay.cloud,2024-03-17 07:35:55
129,emberuplink84,emberuplink84@opswise.net,2024-02-22 00:04:49
130,briskharvest40,briskharvest40@acme.dev,2024-01-16 05:51:44
131,clearmeadow76,clearmeadow76@opswise.net,2024-11-11 20:40:01
132,rapiduplink83,rapiduplink83@opswise.net,2025-09-28 19:32:58
133,rapidsignal23,rapidsignal23@hackstack.io,2025-05-03 08:06:35
134,proudzenith02,proudzenith02@relay.cloud,2025-11-10 20:49:48
135,melloworbit84,melloworbit84@seeded.app,2025-12-14 20:49:27
136,goldquartz32,goldquartz32@opswise.net,2025-03-02 22:27:58
137,briskbeacon79,briskbeacon79@opswise.net,2025-06-16 23:00:37
138,emberorbit20,emberorbit20@relay.cloud,2025-10-17 07:21:37
139,cobaltlagoon03,cobaltlagoon03@example.com,2024-07-22 05:11:30
140,amberriver96,amberriver96@example.com,2026-01-14 12:01:12
141,briskcanyon71,briskcanyon71@hackstack.io,2025-11-02 15:49:40
142,youngfield99,youngfield99@opswise.net,2025-02-01 01:19:05
143,calmengine44,calmengine44@seeded.app,2024-04-06 14:19:11
144,briskcanyon92,briskcanyon92@hackstack.io,2026-01-30 06:08:44
145,ivorytrail04,ivorytrail04@hackstack.io,2025-03-12 10:25:05
146,forestengine06,forestengine06@acme.dev,2025-09-29 06:18:57
147,keengarden91,keengarden91@relay.cloud,2024-11-04 14:50:18
148,tidyquartz95,tidyquartz95@hackstack.io,2025-07-25 05:58:41
149,briskzenith03,briskzenith03@opswise.net,2025-11-23 06:48:23
150,ivorylagoon68,ivorylagoon68@acme.dev,2025-10-05 03:04:13
151,clearyard36,clearyard36@acme.dev,2025-06-09 03:55:09
152,livelywindow29,livelywindow29@hackstack.io,2025-03-07 01:05:00
153,harborsignal79,harborsignal79@example.com,2025-08-26 18:25:41
154,warmfield46,warmfield46@acme.dev,2024-11-09 00:39:10
155,warmanchor61,warmanchor61@acme.dev,2025-09-21 16:37:08
156,tidyvalley60,tidyvalley60@hackstack.io,2024-01-08 01:51:28
157,calmzenith14,calmzenith14@seeded.app,2024-02-20 13:44:10
158,mellowanchor52,mellowanchor52@seeded.app,2025-05-24 16:53:02
159,urbanfield59,urbanfield59@hackstack.io,2025-03-05 23:12:13
160,warmkernel42,warmkernel42@acme.dev,2025-03-22 12:31:42
161,vividmeadow88,vividmeadow88@relay.cloud,2026-01-15 10:56:01
162,ivorykernel73,ivorykernel73@example.com,2024-03-15 05:28:43
163,goldanchor76,goldanchor76@hackstack.io,2024-03-27 10:21:30
164,clearquartz93,clearquartz93@opswise.net,2025-09-09 14:54:51
165,calmnetwork74,calmnetwork74@relay.cloud,2026-01-08 03:56:57
166,urbandelta09,urbandelta09@hackstack.io,2024-01-13 15:17:07
167,urbannetwork85,urbannetwork85@acme.dev,2025-02-18 23:17:20
168,prouduplink03,prouduplink03@example.com,2024-03-24 06:20:17
169,younglagoon07,younglagoon07@hackstack.io,2024-01-02 01:05:10
170,golddelta13,golddelta13@example.com,2025-06-17 10:05:42
171,younguplink54,younguplink54@example.com,2024-01-06 13:25:16
172,livelycanyon52,livelycanyon52@opswise.net,2024-08-07 14:33:12
173,urbancanyon67,urbancanyon67@example.com,2024-09-24 03:15:10
174,keenzenith51,keenzenith51@relay.cloud,2024-10-13 12:21:50
175,livelyuplink36,livelyuplink36@acme.dev,2024-10-01 21:06:53
176,youngsignal79,youngsignal79@example.com,2025-03-20 03:31:50
177,mellowisland05,mellowisland05@seeded.app,2025-10-06 07:27:39
178,emberyard41,emberyard41@seeded.app,2024-11-26 19:24:41
179,proudlagoon05,proudlagoon05@hackstack.io,2025-02-26 01:29:30
180,keenorbit80,keenorbit80@hackstack.io,2024-10-11 05:26:31
181,quietengine01,quietengine01@relay.cloud,2024-08-01 12:10:26
182,opalvalley30,opalvalley30@example.com,2025-08-21 21:50:06
183,warmkernel88,warmkernel88@opswise.net,2024-02-11 17:40:06
184,rapidfield62,rapidfield62@opswise.net,2025-06-24 07:31:52
185,mellowanchor87,mellowanchor87@opswise.net,2025-05-15 23:51:43
186,warmgarden37,warmgarden37@hackstack.io,2025-07-26 02:33:14
187,quietquartz40,quietquartz40@example.com,2025-03-27 11:18:47
188,briskfield66,briskfield66@example.com,2025-03-16 09:33:31
189,cobaltnetwork55,cobaltnetwork55@acme.dev,2025-06-14 06:39:48
190,warmuplink76,warmuplink76@acme.dev,2024-01-12 14:36:05
191,mellowsignal29,mellowsignal29@relay.cloud,2024-04-19 00:32:00
192,goldlagoon12,goldlagoon12@opswise.net,2024-09-06 15:07:20
193,vividjourney42,vividjourney42@relay.cloud,2024-09-26 20:48:35
194,ivoryfield16,ivoryfield16@hackstack.io,2024-08-05 06:25:39
195,younglagoon84,younglagoon84@relay.cloud,2025-06-05 07:22:19
196,cleartrail65,cleartrail65@example.com,2025-01-06 12:19:27
197,proudriver22,proudriver22@hackstack.io,2024-09-29 07:54:12
198,vividcanyon91,vividcanyon91@example.com,2025-12-24 00:21:48
199,keenquartz39,keenquartz39@seeded.app,2025-03-10 16:27:45
200,amberpioneer86,amberpioneer86@relay.cloud,2025-08-13 23:37:37
201,opalanchor77,opalanchor77@relay.cloud,2024-12-04 00:26:58
202,ambertrail11,ambertrail11@example.com,2024-11-24 08:48:24
203,calmkernel84,calmkernel84@acme.dev,2025-12-26 20:30:06
204,quietengine56,quietengine56@example.com,2025-08-02 15:33:58
205,jadekernel59,jadekernel59@hackstack.io,2025-04-17 02:15:31
206,urbanyard82,urbanyard82@relay.cloud,2024-01-21 12:45:20
207,mellowkernel94,mellowkernel94@seeded.app,2025-02-14 13:21:04
208,calmuplink58,calmuplink58@seeded.app,2024-09-10 12:17:57
209,rapidwindow64,rapidwindow64@example.com,2025-07-01 23:51:59
210,urbanfield13,urbanfield13@example.com,2024-07-11 16:01:11
211,quietorbit30,quietorbit30@example.com,2024-06-20 10:53:11
212,youngwindow20,youngwindow20@acme.dev,2024-08-28 13:41:55
213,jadenetwork49,jadenetwork49@seeded.app,2024-04-07 06:35:08
214,calmyard68,calmyard68@example.com,2025-09-21 21:51:23
215,emberbeacon03,emberbeacon03@example.com,2024-08-15 17:32:24
216,quietdelta69,quietdelta69@relay.cloud,2024-05-25 03:25:01
217,goldwindow20,goldwindow20@acme.dev,2025-01-29 01:11:43
218,forestsignal30,forestsignal30@example.com,2025-07-27 22:27:49
219,livelyvalley30,livelyvalley30@opswise.net,2025-01-19 13:44:34
220,rapidjourney38,rapidjourney38@hackstack.io,2024-09-21 12:58:31
221,forestpioneer75,forestpioneer75@acme.dev,2024-05-05 03:47:33
222,goldyard05,goldyard05@example.com,2024-06-22 16:27:35
223,cobaltwindow18,cobaltwindow18@hackstack.io,2024-07-14 09:20:24
224,dawngarden53,dawngarden53@relay.cloud,2024-12-18 21:09:43
225,rapidcanyon19,rapidcanyon19@seeded.app,2025-02-24 15:19:55
226,dawnanchor77,dawnanchor77@example.com,2025-09-20 06:06:08
227,quietbeacon50,quietbeacon50@hackstack.io,2025-07-10 20:35:43
228,goldkernel36,goldkernel36@opswise.net,2024-12-20 23:40:29
229,goldvalley57,goldvalley57@opswise.net,2025-10-28 18:58:07
230,vividmeadow26,vividmeadow26@opswise.net,2025-09-01 08:04:02
231,youngengine26,youngengine26@seeded.app,2024-01-08 16:51:50
232,vividsignal52,vividsignal52@example.com,2025-05-03 18:34:00
233,emberuplink30,emberuplink30@opswise.net,2024-07-22 09:05:51
234,cobaltyard38,cobaltyard38@acme.dev,2025-03-23 17:39:10
235,jadewindow74,jadewindow74@seeded.app,2025-08-05 14:23:38
236,warmgarden95,warmgarden95@relay.cloud,2024-12-02 03:34:34
237,goldtrail04,goldtrail04@example.com,2024-02-29 23:58:52
238,calmisland04,calmisland04@opswise.net,2025-06-15 14:29:26
239,ivoryyard59,ivoryyard59@hackstack.io,2025-04-04 08:08:43
240,keenlagoon24,keenlagoon24@hackstack.io,2025-01-21 17:07:49
241,tidysignal73,tidysignal73@seeded.app,2025-06-27 08:28:57
242,cobaltzenith65,cobaltzenith65@seeded.app,2025-11-27 05:08:45
243,silverorbit71,silverorbit71@example.com,2024-06-29 01:53:36
244,urbanorbit75,urbanorbit75@opswise.net,2025-04-14 03:04:54
245,quietpioneer22,quietpioneer22@acme.dev,2025-11-09 12:34:59
246,cobaltcanyon58,cobaltcanyon58@acme.dev,2024-09-29 06:52:17
247,livelytrail80,livelytrail80@example.com,2025-06-07 11:43:06
248,dawnriver11,dawnriver11@hackstack.io,2024-09-26 12:01:07
249,youngmeadow48,youngmeadow48@hackstack.io,2024-08-10 16:12:19
250,forestanchor57,forestanchor57@hackstack.io,2026-01-31 18:44:48
251,livelyquartz91,livelyquartz91@opswise.net,2024-05-24 14:10:30
252,calmquartz95,calmquartz95@acme.dev,2024-02-02 03:08:47
253,keenbeacon47,keenbeacon47@seeded.app,2025-07-19 14:28:57
254,livelymeadow31,livelymeadow31@example.com,2024-12-21 08:26:12
255,warmwindow58,warmwindow58@relay.cloud,2025-09-14 07:55:41
256,proudisland08,proudisland08@seeded.app,2025-01-07 17:51:33
257,ivoryvalley81,ivoryvalley81@acme.dev,2024-06-16 22:32:37
258,navygarden19,navygarden19@seeded.app,2024-07-28 06:47:53
259,cobaltwindow74,cobaltwindow74@hackstack.io,2025-12-26 00:04:45
260,proudbeacon76,proudbeacon76@relay.cloud,2025-10-01 03:53:46
261,keenharvest80,keenharvest80@hackstack.io,2025-01-12 14:06:36
262,ivorysignal98,ivorysignal98@hackstack.io,2025-02-28 01:37:00
263,youngzenith95,youngzenith95@relay.cloud,2024-07-01 07:48:10
264,jadeanchor44,jadeanchor44@relay.cloud,2024-06-10 06:44:26
265,vividjourney73,vividjourney73@hackstack.io,2024-07-17 03:55:43
266,ivorynetwork37,ivorynetwork37@hackstack.io,2024-07-01 08:40:46
267,emberwindow61,emberwindow61@relay.cloud,2025-07-31 22:16:58
268,warmanchor52,warmanchor52@hackstack.io,2024-10-12 03:52:58
269,goldquartz82,goldquartz82@example.com,2024-09-18 16:44:56
270,quietfield08,quietfield08@relay.cloud,2024-01-18 22:07:33
271,vividorbit02,vividorbit02@acme.dev,2024-08-26 16:24:52
272,emberfield86,emberfield86@example.com,2025-11-19 10:30:15
273,proudsignal53,proudsignal53@acme.dev,2024-02-24 01:07:28
274,opalharvest53,opalharvest53@opswise.net,2025-07-23 14:14:17
275,vividvalley37,vividvalley37@relay.cloud,2024-08-18 17:27:27
276,keenharvest58,keenharvest58@seeded.app,2025-08-29 17:08:58
277,urbanwindow42,urbanwindow42@hackstack.io,2025-02-05 08:37:54
278,mellowpioneer97,mellowpioneer97@seeded.app,2024-06-09 15:28:40
279,ivorybeacon11,ivorybeacon11@opswise.net,2024-04-22 22:09:26
280,calmnetwork37,calmnetwork37@opswise.net,2025-11-12 08:32:17
281,ambernetwork54,ambernetwork54@hackstack.io,2025-10-25 23:37:11
282,cobaltnetwork15,cobaltnetwork15@hackstack.io,2024-02-09 23:53:49
283,livelynetwork09,livelynetwork09@relay.cloud,2024-03-31 06:22:13
284,keenlagoon80,keenlagoon80@acme.dev,2025-12-25 13:37:42
285,tidyyard98,tidyyard98@seeded.app,2025-12-03 03:23:52
286,urbanvalley38,urbanvalley38@acme.dev,2024-01-13 03:11:01
287,silverriver28,silverriver28@acme.dev,2025-01-28 02:56:18
288,silverriver76,silverriver76@seeded.app,2024-06-14 18:04:23
289,amberzenith47,amberzenith47@seeded.app,2024-03-29 09:18:25
290,amberharvest99,amberharvest99@example.com,2025-03-20 13:08:43
291,cobaltfield76,cobaltfield76@hackstack.io,2024-06-25 05:02:19
292,livelyjourney10,livelyjourney10@example.com,2025-07-14 23:54:26
293,rapidpioneer81,rapidpioneer81@example.com,2025-05-10 07:12:07
294,clearharvest60,clearharvest60@hackstack.io,2024-05-09 02:34:46
295,dawnuplink09,dawnuplink09@opswise.net,2025-10-13 07:29:24
296,rapidquartz85,rapidquartz85@hackstack.io,2024-11-26 06:51:58
297,rapidengine79,rapidengine79@relay.cloud,2024-03-16 17:15:24
298,quietvalley61,quietvalley61@relay.cloud,2025-10-16 07:09:31
299,navymeadow63,navymeadow63@hackstack.io,2025-02-02 06:02:59
300,livelyquartz98,livelyquartz98@example.com,2024-08-17 00:47:13
301,amberisland86,amberisland86@opswise.net,2025-12-22 02:25:00
302,calmmeadow67,calmmeadow67@hackstack.io,2025-07-19 17:18:54
303,clearzenith52,clearzenith52@seeded.app,2025-02-16 23:11:02
304,quietpioneer62,quietpioneer62@acme.dev,2025-10-31 15:10:53
305,silverfield78,silverfield78@acme.dev,2025-10-17 18:31:37
306,youngisland46,youngisland46@opswise.net,2024-05-03 22:49:33
307,jadekernel42,jadekernel42@acme.dev,2025-05-06 22:26:41
308,navyvalley97,navyvalley97@hackstack.io,2025-07-27 00:04:59
309,ivorymeadow43,ivorymeadow43@example.com,2025-10-19 02:02:32
310,goldisland59,goldisland59@example.com,2025-09-13 16:58:24
311,navywindow40,navywindow40@seeded.app,2025-07-30 06:17:13
312,proudmeadow58,proudmeadow58@example.com,2025-02-21 19:49:51
313,quietzenith18,quietzenith18@acme.dev,2025-02-03 03:48:49
314,goldwindow82,goldwindow82@relay.cloud,2024-06-03 15:25:18
315,vividdelta68,vividdelta68@example.com,2026-01-09 17:06:08
316,urbansignal55,urbansignal55@acme.dev,2024-09-10 19:06:51
317,silverriver33,silverriver33@seeded.app,2026-01-11 01:19:52
318,opalisland13,opalisland13@relay.cloud,2024-05-11 20:32:37
319,cobaltdelta37,cobaltdelta37@hackstack.io,2024-05-08 11:54:58
320,ivoryorbit76,ivoryorbit76@acme.dev,2024-10-12 16:27:13
321,quietuplink58,quietuplink58@hackstack.io,2025-04-08 18:28:57
322,ivoryorbit25,ivoryorbit25@opswise.net,2025-05-20 11:18:49
323,opalharvest76,opalharvest76@hackstack.io,2024-03-18 15:09:09
324,amberquartz34,amberquartz34@opswise.net,2025-09-01 08:03:57
325,cobaltorbit29,cobaltorbit29@hackstack.io,2024-07-16 14:33:04
326,mellowquartz82,mellowquartz82@seeded.app,2024-02-23 10:21:31
327,youngwindow51,youngwindow51@relay.cloud,2025-06-07 22:09:19
328,rapidcanyon97,rapidcanyon97@seeded.app,2024-04-19 23:11:29
329,navyorbit75,navyorbit75@relay.cloud,2025-12-18 00:10:14
330,navyisland42,navyisland42@example.com,2024-11-02 22:13:07
331,silverjourney80,silverjourney80@acme.dev,2024-01-22 21:31:20
332,jadegarden79,jadegarden79@relay.cloud,2025-02-10 07:36:53
333,keengarden04,keengarden04@hackstack.io,2025-02-05 09:32:32
334,navymeadow94,navymeadow94@hackstack.io,2025-05-17 12:08:37
335,proudkernel92,proudkernel92@example.com,2024-01-26 20:21:03
336,livelyquartz42,livelyquartz42@acme.dev,2025-08-31 13:45:58
337,opalengine53,opalengine53@example.com,2024-07-27 02:37:16
338,youngisland50,youngisland50@opswise.net,2025-10-14 19:48:10
339,vividfield66,vividfield66@example.com,2026-01-29 08:30:50
340,quietbeacon88,quietbeacon88@seeded.app,2024-11-19 08:45:52
341,livelyisland13,livelyisland13@relay.cloud,2024-03-29 16:43:06
342,jadeengine04,jadeengine04@acme.dev,2024-02-15 12:10:33
343,vividharvest30,vividharvest30@opswise.net,2024-01-12 15:31:38
344,dawnkernel52,dawnkernel52@seeded.app,2025-09-12 19:01:31
345,harborgarden93,harborgarden93@acme.dev,2025-01-15 23:40:50
346,vividanchor94,vividanchor94@acme.dev,2025-10-18 20:39:24
347,younganchor23,younganchor23@acme.dev,2025-12-31 16:06:29
348,silvernetwork00,silvernetwork00@acme.dev,2026-01-30 17:31:30
349,cobaltdelta88,cobaltdelta88@relay.cloud,2025-05-24 08:40:10
350,keengarden75,keengarden75@seeded.app,2025-11-25 07:15:39
351,emberharvest91,emberharvest91@acme.dev,2024-12-03 02:32:32
352,livelyfield37,livelyfield37@hackstack.io,2024-06-05 03:34:19
353,forestjourney86,forestjourney86@relay.cloud,2025-11-25 14:13:32
354,foresttrail87,foresttrail87@example.com,2025-11-30 22:40:57
355,mellowriver90,mellowriver90@relay.cloud,2026-01-22 16:11:36
356,dawnbeacon38,dawnbeacon38@opswise.net,2025-02-14 21:52:47
357,livelymeadow53,livelymeadow53@relay.cloud,2025-12-16 07:45:55
358,cobaltkernel56,cobaltkernel56@opswise.net,2024-08-02 15:30:08
359,calmquartz93,calmquartz93@example.com,2025-07-06 11:23:29
360,warmzenith10,warmzenith10@acme.dev,2025-09-06 02:15:15
361,tidyfield68,tidyfield68@hackstack.io,2024-04-21 16:49:11
362,vividriver28,vividriver28@opswise.net,2024-07-22 17:27:25
363,urbanzenith62,urbanzenith62@hackstack.io,2024-10-24 18:14:36
364,proudzenith39,proudzenith39@seeded.app,2026-01-29 05:58:32
365,jadeengine74,jadeengine74@relay.cloud,2024-03-29 09:31:41
366,amberorbit06,amberorbit06@relay.cloud,2024-04-15 18:18:53
367,amberfield61,amberfield61@hackstack.io,2024-08-29 20:41:04
368,cobaltisland75,cobaltisland75@hackstack.io,2024-02-10 20:58:35
369,warmharvest69,warmharvest69@seeded.app,2025-02-06 01:13:22
370,rapidorbit32,rapidorbit32@seeded.app,2024-07-10 01:42:32
371,mellowengine82,mellowengine82@acme.dev,2025-06-12 07:24:13
372,emberdelta60,emberdelta60@seeded.app,2024-11-01 13:52:53
373,calmfield06,calmfield06@hackstack.io,2025-09-23 22:18:45
374,opalyard74,opalyard74@opswise.net,2024-10-10 05:57:32
375,amberriver01,amberriver01@relay.cloud,2025-02-22 20:04:55
376,forestyard61,forestyard61@acme.dev,2025-06-01 23:58:33
377,briskengine54,briskengine54@opswise.net,2024-08-06 21:12:16
378,opaljourney15,opaljourney15@acme.dev,2024-11-05 04:01:28
379,harborsignal52,harborsignal52@opswise.net,2024-06-04 16:44:08
380,proudzenith91,proudzenith91@hackstack.io,2024-04-16 15:15:56
381,clearuplink29,clearuplink29@example.com,2025-11-04 23:01:30
382,mellowkernel77,mellowkernel77@acme.dev,2025-10-25 14:20:07
383,cobaltyard47,cobaltyard47@relay.cloud,2024-05-09 11:48:51
384,vividsignal98,vividsignal98@example.com,2025-07-03 18:41:50
385,clearkernel24,clearkernel24@relay.cloud,2025-08-30 06:28:28
386,urbanriver33,urbanriver33@seeded.app,2025-07-07 20:03:05
387,keenorbit09,keenorbit09@seeded.app,2024-12-11 23:33:04
388,youngriver16,youngriver16@seeded.app,2024-02-17 06:39:14
389,forestcanyon45,forestcanyon45@example.com,2024-11-12 01:05:05
390,harborjourney49,harborjourney49@seeded.app,2024-08-14 00:10:48
391,youngdelta12,youngdelta12@seeded.app,2024-05-27 05:37:13
392,silverdelta63,silverdelta63@opswise.net,2024-02-28 21:05:09
393,youngjourney19,youngjourney19@acme.dev,2024-06-19 06:37:30
394,ivorygarden22,ivorygarden22@hackstack.io,2024-07-22 05:27:02
395,clearharvest31,clearharvest31@seeded.app,2025-09-09 07:42:11
396,warmvalley30,warmvalley30@opswise.net,2024-06-15 11:09:53
397,warmpioneer81,warmpioneer81@acme.dev,2024-11-24 08:10:05
398,goldmeadow36,goldmeadow36@hackstack.io,2024-01-22 19:28:58
399,navykernel15,navykernel15@hackstack.io,2025-09-26 03:42:22
400,emberwindow06,emberwindow06@seeded.app,2024-11-29 12:46:50
